{
    "admiration": {
        "p": 0.6714285714285715,
        "u": 0.08333333333333334,
        "f1": 0.676595744680851
    },
    "amusement": {
        "p": 0.6714285714285715,
        "u": 0.12777777777777777,
        "f1": 0.7766116941529235
    },
    "anger": {
        "p": 0.3857142857142858,
        "u": 0.15000000000000002,
        "f1": 0.4346076458752515
    },
    "annoyance": {
        "p": 0.3285714285714286,
        "u": 0.10555555555555557,
        "f1": 0.3233665559246955
    },
    "approval": {
        "p": 0.3857142857142858,
        "u": 0.10555555555555557,
        "f1": 0.2837162837162837
    },
    "caring": {
        "p": 0.44285714285714284,
        "u": 0.12777777777777777,
        "f1": 0.35097493036211697
    },
    "confusion": {
        "p": 0.5,
        "u": 0.07222222222222223,
        "f1": 0.40226628895184136
    },
    "curiosity": {
        "p": 0.3857142857142858,
        "u": 0.07222222222222223,
        "f1": 0.528023598820059
    },
    "desire": {
        "p": 0.7857142857142857,
        "u": 0.07222222222222223,
        "f1": 0.5428571428571428
    },
    "disappointment": {
        "p": 0.5,
        "u": 0.10555555555555557,
        "f1": 0.28859060402684567
    },
    "disapproval": {
        "p": 0.3857142857142858,
        "u": 0.11666666666666667,
        "f1": 0.36533957845433257
    },
    "disgust": {
        "p": 0.7285714285714286,
        "u": 0.07222222222222223,
        "f1": 0.4678362573099415
    },
    "embarrassment": {
        "p": 0.7285714285714286,
        "u": 0.09444444444444444,
        "f1": 0.5185185185185185
    },
    "excitement": {
        "p": 0.6142857142857143,
        "u": 0.08333333333333334,
        "f1": 0.32
    },
    "fear": {
        "p": 0.6714285714285715,
        "u": 0.1388888888888889,
        "f1": 0.5425531914893617
    },
    "gratitude": {
        "p": 0.9,
        "u": 0.05,
        "f1": 0.9093525179856116
    },
    "grief": {
        "p": 0.15714285714285714,
        "u": 0.061111111111111116,
        "f1": 0.1
    },
    "joy": {
        "p": 0.6142857142857143,
        "u": 0.12777777777777777,
        "f1": 0.5783783783783784
    },
    "love": {
        "p": 0.5571428571428572,
        "u": 0.08333333333333334,
        "f1": 0.782608695652174
    },
    "nervousness": {
        "p": 0.9,
        "u": 0.05,
        "f1": 0.4
    },
    "optimism": {
        "p": 0.7285714285714286,
        "u": 0.10555555555555557,
        "f1": 0.6301369863013698
    },
    "pride": {
        "p": 0.44285714285714284,
        "u": 0.10555555555555557,
        "f1": 0.6666666666666666
    },
    "realization": {
        "p": 0.6714285714285715,
        "u": 0.08333333333333334,
        "f1": 0.2073170731707317
    },
    "relief": {
        "p": 0.5,
        "u": 0.11666666666666667,
        "f1": 0.25806451612903225
    },
    "remorse": {
        "p": 0.5571428571428572,
        "u": 0.15000000000000002,
        "f1": 0.7672955974842768
    },
    "sadness": {
        "p": 0.7857142857142857,
        "u": 0.10555555555555557,
        "f1": 0.48535564853556484
    },
    "surprise": {
        "p": 0.7285714285714286,
        "u": 0.09444444444444444,
        "f1": 0.5102880658436214
    },
    "neutral": {
        "p": 0.3857142857142858,
        "u": 0.10555555555555557,
        "f1": 0.6574572699601967
    }
}